{
    "sources": [
        {
            "type": "directory",
            "source": "block",
            "prefix": "block/"
        },
        {
            "type": "directory",
            "source": "item",
            "prefix": "item/"
        },
        {
            "type": "directory",
            "source": "entity/conduit",
            "prefix": "entity/conduit/"
        },
        {
            "type": "single",
            "resource": "entity/bell/bell_body"
        },
        {
            "type": "single",
            "resource": "entity/enchanting_table_book"
        },
        {
            "type": "directory",
            "source": "man10",
            "prefix": "man10/"
        },
        {
            "type": "directory",
            "source": "entity",
            "prefix": "entity/"
        },
        {
            "type": "directory",
            "source": "font",
            "prefix": "font/"
        },
        {
            "type": "directory",
            "source": "painting",
            "prefix": "painting/"
        },
        {
            "type": "directory",
            "source": "misc",
            "prefix": "misc/"
        },
        {
            "type": "directory",
            "source": "gui",
            "prefix": "gui/"
        },
        {
            "type": "directory",
            "source": "mob_effect",
            "prefix": "mob_effect/"
        },
        {
            "type": "directory",
            "source": "map",
            "prefix": "map/"
        },
        {
            "type": "directory",
            "source": "particle",
            "prefix": "particle/"
        }
    ]
}