{
"soundid0":{"category": "master","sounds": [{"name": "man10/gb_fs7"}]},
"soundid1":{"category": "master","sounds": [{"name": "man10/gb_f7"}]},
"soundid2":{"category": "master","sounds": [{"name": "man10/gb_e7"}]},
"soundid3":{"category": "master","sounds": [{"name": "man10/gb_ds7"}]},
"soundid4":{"category": "master","sounds": [{"name": "man10/gb_d7"}]},
"soundid5":{"category": "master","sounds": [{"name": "man10/gb_cs7"}]},
"soundid6":{"category": "master","sounds": [{"name": "man10/gb_c7"}]},
"soundid7":{"category": "master","sounds": [{"name": "man10/gb_b6"}]},
"soundid8":{"category": "master","sounds": [{"name": "man10/gb_as6"}]},
"soundid9":{"category": "master","sounds": [{"name": "man10/gb_a6"}]},
"soundid10":{"category": "master","sounds": [{"name": "man10/gb_gs6"}]},
"soundid11":{"category": "master","sounds": [{"name": "man10/gb_g6"}]},
"soundid12":{"category": "master","sounds": [{"name": "man10/gb_fs6"}]},
"soundid13":{"category": "master","sounds": [{"name": "man10/gb_f6"}]},
"soundid14":{"category": "master","sounds": [{"name": "man10/gb_e6"}]},
"soundid15":{"category": "master","sounds": [{"name": "man10/gb_ds6"}]},
"soundid16":{"category": "master","sounds": [{"name": "man10/gb_d6"}]},
"soundid17":{"category": "master","sounds": [{"name": "man10/gb_cs6"}]},
"soundid18":{"category": "master","sounds": [{"name": "man10/gb_c6"}]},
"soundid19":{"category": "master","sounds": [{"name": "man10/gb_b5"}]},
"soundid20":{"category": "master","sounds": [{"name": "man10/gb_as5"}]},
"soundid21":{"category": "master","sounds": [{"name": "man10/gb_a5"}]},
"soundid22":{"category": "master","sounds": [{"name": "man10/gb_gs5"}]},
"soundid23":{"category": "master","sounds": [{"name": "man10/gb_g5"}]},
"soundid24":{"category": "master","sounds": [{"name": "man10/gb_fs5"}]},
"soundid25":{"category": "master","sounds": [{"name": "man10/gb_f5"}]},
"soundid26":{"category": "master","sounds": [{"name": "man10/gb_e5"}]},
"soundid27":{"category": "master","sounds": [{"name": "man10/gb_ds5"}]},
"soundid28":{"category": "master","sounds": [{"name": "man10/gb_d5"}]},
"soundid29":{"category": "master","sounds": [{"name": "man10/gb_cs5"}]},
"soundid30":{"category": "master","sounds": [{"name": "man10/gb_c5"}]},
"soundid31":{"category": "master","sounds": [{"name": "man10/gb_b4"}]},
"soundid32":{"category": "master","sounds": [{"name": "man10/gb_as4"}]},
"soundid33":{"category": "master","sounds": [{"name": "man10/gb_a4"}]},
"soundid34":{"category": "master","sounds": [{"name": "man10/gb_gs4"}]},
"soundid35":{"category": "master","sounds": [{"name": "man10/gb_g4"}]},
"soundid36":{"category": "master","sounds": [{"name": "man10/gb_fs4"}]},
"soundid37":{"category": "master","sounds": [{"name": "man10/gb_f4"}]},
"soundid38":{"category": "master","sounds": [{"name": "man10/gb_e4"}]},
"soundid39":{"category": "master","sounds": [{"name": "man10/gb_ds4"}]},
"soundid40":{"category": "master","sounds": [{"name": "man10/gb_d4"}]},
"soundid41":{"category": "master","sounds": [{"name": "man10/gb_cs4"}]},
"soundid42":{"category": "master","sounds": [{"name": "man10/gb_c4"}]},
"soundid43":{"category": "master","sounds": [{"name": "man10/gb_b3"}]},
"soundid44":{"category": "master","sounds": [{"name": "man10/gb_as3"}]},
"soundid45":{"category": "master","sounds": [{"name": "man10/gb_a3"}]},
"soundid46":{"category": "master","sounds": [{"name": "man10/gb_gs3"}]},
"soundid47":{"category": "master","sounds": [{"name": "man10/gb_g3"}]},
"soundid48":{"category": "master","sounds": [{"name": "man10/gb_fs3"}]},
"soundid49":{"category": "master","sounds": [{"name": "man10/gb_f3"}]},
"soundid50":{"category": "master","sounds": [{"name": "man10/gb_e3"}]},
"soundid51":{"category": "master","sounds": [{"name": "man10/gb_ds3"}]},
"soundid52":{"category": "master","sounds": [{"name": "man10/gb_d3"}]},
"soundid53":{"category": "master","sounds": [{"name": "man10/gb_cs3"}]},
"soundid54":{"category": "master","sounds": [{"name": "man10/gb_c3"}]},
"soundid55":{"category": "master","sounds": [{"name": "man10/gb_b2"}]},
"soundid56":{"category": "master","sounds": [{"name": "man10/gb_as2"}]},
"soundid57":{"category": "master","sounds": [{"name": "man10/gb_a2"}]},
"soundid58":{"category": "master","sounds": [{"name": "man10/gb_gs2"}]},
"soundid59":{"category": "master","sounds": [{"name": "man10/gb_g2"}]},
"soundid60":{"category": "master","sounds": [{"name": "man10/gb_fs2"}]},
"soundid61":{"category": "master","sounds": [{"name": "man10/gb_f2"}]},
"soundid62":{"category": "master","sounds": [{"name": "man10/gb_e2"}]},
"soundid63":{"category": "master","sounds": [{"name": "man10/gb_ds2"}]},
"soundid64":{"category": "master","sounds": [{"name": "man10/gb_d2"}]},
"soundid65":{"category": "master","sounds": [{"name": "man10/gb_cs2"}]},
"soundid66":{"category": "master","sounds": [{"name": "man10/gb_c2"}]},
"soundid67":{"category": "master","sounds": [{"name": "man10/gb_b1"}]},
"soundid68":{"category": "master","sounds": [{"name": "man10/gb_as1"}]},
"soundid69":{"category": "master","sounds": [{"name": "man10/gb_a1"}]},
"soundid70":{"category": "master","sounds": [{"name": "man10/gb_gs1"}]},
"soundid71":{"category": "master","sounds": [{"name": "man10/gb_g1"}]},
"soundid72":{"category": "master","sounds": [{"name": "man10/gb_fs1"}]}

}
