{
  "model": {
    "type": "minecraft:select",
    "property": "minecraft:display_context",
    "cases": [
      {
        "when": [
          "gui",
          "ground",
          "fixed"
        ],
        "model": {
          "type": "minecraft:model",
          "model": "minecraft:walkman_hand"
        }
      },
      {
        "when": "head"
        ,
        "model": {
          "type": "minecraft:model",
          "model": "minecraft:walkman_head"
        }
      },
      {
        "when": [
          "firstperson_righthand",
          "thirdperson_righthand"
        ],
        "model": {
          "type": "minecraft:model",
          "model": "minecraft:walkman_hand"
        }
      },
      {
        "when": [
          "firstperson_lefthand",
          "thirdperson_lefthand"
        ],
        "model": {
          "type": "minecraft:model",
          "model": "minecraft:walkman_hand"
        }
      }
    ]
  },
  "hand_animation_on_swap": false
}