{
	"format_version": "1.21.6",
	"credit": "Made with Blockbench",
	"texture_size": [32, 32],
	"textures": {
		"0": "man10/itokagimaru_daw",
		"particle": "man10/itokagimaru_daw"
	},
	"elements": [
		{
			"from": [0, 0.5, 0],
			"to": [17, 2.5, 2],
			"faces": {
				"north": {"uv": [4.5, 0, 9, 0.5], "texture": "#0"},
				"east": {"uv": [0, 0, 1, 1], "texture": "#missing"},
				"south": {"uv": [4.5, 0, 9, 0.5], "texture": "#0"},
				"west": {"uv": [0, 0, 1, 1], "texture": "#missing"},
				"up": {"uv": [4.5, 0, 9, 0.5], "texture": "#0"},
				"down": {"uv": [4.5, 0, 8, 0.5], "texture": "#0"}
			}
		},
		{
			"from": [0, 0.5, 2],
			"to": [17, 0.75, 8.5],
			"faces": {
				"north": {"uv": [4.5, 0, 9, 0.5], "texture": "#0"},
				"east": {"uv": [0, 0, 1, 1], "texture": "#missing"},
				"south": {"uv": [4.5, 0, 9, 0.5], "texture": "#0"},
				"west": {"uv": [0, 0, 1, 1], "texture": "#missing"},
				"up": {"uv": [4.5, 0, 9, 0.5], "texture": "#0"},
				"down": {"uv": [4.5, 0, 8, 0.5], "texture": "#0"}
			}
		},
		{
			"from": [-1, 0.5, 0],
			"to": [0, 2.5, 8.5],
			"faces": {
				"north": {"uv": [4.5, 0, 5, 0.5], "texture": "#0"},
				"east": {"uv": [4.5, 0, 8.75, 0.5], "texture": "#0"},
				"south": {"uv": [4.5, 0, 5.5, 0.5], "rotation": 90, "texture": "#0"},
				"west": {"uv": [4.5, 0, 8.75, 0.5], "texture": "#0"},
				"up": {"uv": [4.5, 0, 8.75, 0.5], "rotation": 90, "texture": "#0"},
				"down": {"uv": [4.5, 0, 5, 0.25], "texture": "#0"}
			}
		},
		{
			"from": [17, 0.5, 0],
			"to": [18, 2.5, 8.5],
			"rotation": {"angle": 0, "axis": "y", "origin": [18, 0, 0]},
			"faces": {
				"north": {"uv": [4.5, 0, 5, 0.5], "texture": "#0"},
				"east": {"uv": [4.5, 0, 8.75, 0.5], "texture": "#0"},
				"south": {"uv": [4.5, 0, 5.5, 0.5], "rotation": 90, "texture": "#0"},
				"west": {"uv": [4.5, 0, 8.75, 0.5], "texture": "#0"},
				"up": {"uv": [4.5, 0, 8.75, 0.5], "rotation": 90, "texture": "#0"},
				"down": {"uv": [4.5, 0, 5, 0.25], "texture": "#0"}
			}
		},
		{
			"from": [0, 0.75, 2],
			"to": [8.5, 1.5, 8],
			"faces": {
				"north": {"uv": [4.5, 0, 9, 0.5], "texture": "#0"},
				"east": {"uv": [4.5, 0.5, 7.5, 1], "texture": "#0"},
				"south": {"uv": [4.5, 0.5, 9, 1], "texture": "#0"},
				"west": {"uv": [4.5, 0.5, 7.5, 1], "texture": "#0"},
				"up": {"uv": [4.5, 3, 0, 0], "texture": "#0"},
				"down": {"uv": [4.5, 0, 0, 3], "texture": "#0"}
			}
		},
		{
			"from": [8.5, 0.75, 2],
			"to": [17, 1.5, 8],
			"rotation": {"angle": 0, "axis": "y", "origin": [8.5, 0, 0]},
			"faces": {
				"north": {"uv": [4.5, 0, 9, 0.5], "texture": "#missing"},
				"east": {"uv": [4.5, 0.5, 7.5, 1], "texture": "#0"},
				"south": {"uv": [4.5, 0.5, 9, 1], "texture": "#0"},
				"west": {"uv": [0.5, 1.5, 3.5, 2], "texture": "#0"},
				"up": {"uv": [4.5, 3, 0, 0], "texture": "#0"},
				"down": {"uv": [4.5, 0, 0, 3], "texture": "#0"}
			}
		},
		{
			"from": [0.5, 1, 2],
			"to": [1.5, 2, 6],
			"rotation": {"angle": 0, "axis": "y", "origin": [0.5, 0, 2]},
			"faces": {
				"north": {"uv": [0, 3, 1, 3.5], "texture": "#0"},
				"east": {"uv": [0, 3, 2, 3.5], "texture": "#0"},
				"south": {"uv": [0, 3, 1, 3.5], "texture": "#0"},
				"west": {"uv": [0, 3, 2, 3.5], "texture": "#0"},
				"up": {"uv": [0, 3, 1, 5], "texture": "#0"},
				"down": {"uv": [0, 3, 1, 5], "texture": "#0"}
			}
		},
		{
			"from": [2, 1, 2],
			"to": [3, 2, 6],
			"rotation": {"angle": 0, "axis": "y", "origin": [2, 0, 2]},
			"faces": {
				"north": {"uv": [0, 3, 1, 3.5], "texture": "#0"},
				"east": {"uv": [0, 3, 2, 3.5], "texture": "#0"},
				"south": {"uv": [0, 3, 1, 3.5], "texture": "#0"},
				"west": {"uv": [0, 3, 2, 3.5], "texture": "#0"},
				"up": {"uv": [0, 3, 1, 5], "texture": "#0"},
				"down": {"uv": [0, 3, 1, 5], "texture": "#0"}
			}
		},
		{
			"from": [4, 1, 2],
			"to": [5, 2, 6],
			"rotation": {"angle": 0, "axis": "y", "origin": [4, 0, 2]},
			"faces": {
				"north": {"uv": [0, 3, 1, 3.5], "texture": "#0"},
				"east": {"uv": [0, 3, 2, 3.5], "texture": "#0"},
				"south": {"uv": [0, 3, 1, 3.5], "texture": "#0"},
				"west": {"uv": [0, 3, 2, 3.5], "texture": "#0"},
				"up": {"uv": [0, 3, 1, 5], "texture": "#0"},
				"down": {"uv": [0, 3, 1, 5], "texture": "#0"}
			}
		},
		{
			"from": [5.5, 1, 2],
			"to": [6.5, 2, 6],
			"rotation": {"angle": 0, "axis": "y", "origin": [5.5, 0, 2]},
			"faces": {
				"north": {"uv": [0, 3, 1, 3.5], "texture": "#0"},
				"east": {"uv": [0, 3, 2, 3.5], "texture": "#0"},
				"south": {"uv": [0, 3, 1, 3.5], "texture": "#0"},
				"west": {"uv": [0, 3, 2, 3.5], "texture": "#0"},
				"up": {"uv": [0, 3, 1, 5], "texture": "#0"},
				"down": {"uv": [0, 3, 1, 5], "texture": "#0"}
			}
		},
		{
			"from": [7, 1, 2],
			"to": [8, 2, 6],
			"rotation": {"angle": 0, "axis": "y", "origin": [7, 0, 2]},
			"faces": {
				"north": {"uv": [0, 3, 1, 3.5], "texture": "#0"},
				"east": {"uv": [0, 3, 2, 3.5], "texture": "#0"},
				"south": {"uv": [0, 3, 1, 3.5], "texture": "#0"},
				"west": {"uv": [0, 3, 2, 3.5], "texture": "#0"},
				"up": {"uv": [0, 3, 1, 5], "texture": "#0"},
				"down": {"uv": [0, 3, 1, 5], "texture": "#0"}
			}
		},
		{
			"from": [9, 1, 2],
			"to": [10, 2, 6],
			"rotation": {"angle": 0, "axis": "y", "origin": [9, 0, 2]},
			"faces": {
				"north": {"uv": [0, 3, 1, 3.5], "texture": "#0"},
				"east": {"uv": [0, 3, 2, 3.5], "texture": "#0"},
				"south": {"uv": [0, 3, 1, 3.5], "texture": "#0"},
				"west": {"uv": [0, 3, 2, 3.5], "texture": "#0"},
				"up": {"uv": [0, 3, 1, 5], "texture": "#0"},
				"down": {"uv": [0, 3, 1, 5], "texture": "#0"}
			}
		},
		{
			"from": [10.5, 1, 2],
			"to": [11.5, 2, 6],
			"rotation": {"angle": 0, "axis": "y", "origin": [10.5, 0, 2]},
			"faces": {
				"north": {"uv": [0, 3, 1, 3.5], "texture": "#0"},
				"east": {"uv": [0, 3, 2, 3.5], "texture": "#0"},
				"south": {"uv": [0, 3, 1, 3.5], "texture": "#0"},
				"west": {"uv": [0, 3, 2, 3.5], "texture": "#0"},
				"up": {"uv": [0, 3, 1, 5], "texture": "#0"},
				"down": {"uv": [0, 3, 1, 5], "texture": "#0"}
			}
		},
		{
			"from": [12.5, 1, 2],
			"to": [13.5, 2, 6],
			"rotation": {"angle": 0, "axis": "y", "origin": [12.5, 0, 2]},
			"faces": {
				"north": {"uv": [0, 3, 1, 3.5], "texture": "#0"},
				"east": {"uv": [0, 3, 2, 3.5], "texture": "#0"},
				"south": {"uv": [0, 3, 1, 3.5], "texture": "#0"},
				"west": {"uv": [0, 3, 2, 3.5], "texture": "#0"},
				"up": {"uv": [0, 3, 1, 5], "texture": "#0"},
				"down": {"uv": [0, 3, 1, 5], "texture": "#0"}
			}
		},
		{
			"from": [15.5, 1, 2],
			"to": [16.5, 2, 6],
			"rotation": {"angle": 0, "axis": "y", "origin": [15.5, 0, 2]},
			"faces": {
				"north": {"uv": [0, 3, 1, 3.5], "texture": "#0"},
				"east": {"uv": [0, 3, 2, 3.5], "texture": "#0"},
				"south": {"uv": [0, 3, 1, 3.5], "texture": "#0"},
				"west": {"uv": [0, 3, 2, 3.5], "texture": "#0"},
				"up": {"uv": [0, 3, 1, 5], "texture": "#0"},
				"down": {"uv": [0, 3, 1, 5], "texture": "#0"}
			}
		},
		{
			"from": [14, 1, 2],
			"to": [15, 2, 6],
			"rotation": {"angle": 0, "axis": "y", "origin": [14, 0, 2]},
			"faces": {
				"north": {"uv": [0, 3, 1, 3.5], "texture": "#0"},
				"east": {"uv": [0, 3, 2, 3.5], "texture": "#0"},
				"south": {"uv": [0, 3, 1, 3.5], "texture": "#0"},
				"west": {"uv": [0, 3, 2, 3.5], "texture": "#0"},
				"up": {"uv": [0, 3, 1, 5], "texture": "#0"},
				"down": {"uv": [0, 3, 1, 5], "texture": "#0"}
			}
		}
	],
	"display": {
		"thirdperson_righthand": {
			"rotation": [77.25, 0, 0],
			"translation": [-6.5, 2.25, 5.5]
		},
		"thirdperson_lefthand": {
			"rotation": [77.25, 0, 0],
			"translation": [-5.5, 2.25, 5.5]
		},
		"firstperson_righthand": {
			"rotation": [30, 0, 0],
			"translation": [-3.5, 7.25, 3.5]
		},
		"firstperson_lefthand": {
			"rotation": [23.75, 0, 0],
			"translation": [0, 8, 2.75]
		},
		"ground": {
			"translation": [0, 5.25, 0]
		},
		"gui": {
			"rotation": [90, 0, 0],
			"translation": [0, -3.5, 0]
		},
		"head": {
			"translation": [-0.75, -15.5, -8],
			"scale": [1.2, 1.2, 1.2]
		},
		"fixed": {
			"rotation": [82, 0, -180],
			"translation": [0.75, -10, -13],
			"scale": [1.7, 1.7, 1.7]
		},
		"on_shelf": {
			"rotation": [89.5, 0, 0],
			"translation": [0, 0, 3.75]
		}
	}
}