{
	"format_version": "1.21.6",
	"credit": "Made with Blockbench",
	"textures": {
		"1": "man10/walkman"
	},
	"elements": [
		{
			"from": [7.2273, 3.17722, 6.84063],
			"to": [7.4148, 4.73777, 7.00469],
			"rotation": {"angle": 15, "axis": "z", "origin": [7.30464, 3.32908, 6.96016]},
			"faces": {
				"north": {"uv": [2.02344, 1.5, 1.625, 1.76211], "rotation": 180, "texture": "#1"},
				"east": {"uv": [1.89063, 1.5, 1.625, 1.76211], "rotation": 180, "texture": "#1"},
				"south": {"uv": [2.02344, 1.5, 1.625, 1.76211], "rotation": 180, "texture": "#1"},
				"west": {"uv": [1.89063, 1.5, 1.625, 1.76211], "rotation": 180, "texture": "#1"},
				"up": {"uv": [1.625, 1.89844, 1.89063, 1.5], "rotation": 90, "texture": "#1"},
				"down": {"uv": [1.625, 1.89844, 1.89063, 1.5], "rotation": 270, "texture": "#1"}
			}
		},
		{
			"from": [9.69648, 3.14986, 9.17499],
			"to": [9.88398, 8.41041, 9.33905],
			"rotation": {"angle": 43, "axis": "z", "origin": [9.77381, 3.30172, 9.29452]},
			"faces": {
				"north": {"uv": [2.02344, 1.5, 1.625, 1.76211], "rotation": 180, "texture": "#1"},
				"east": {"uv": [1.89063, 1.5, 1.625, 1.76211], "rotation": 180, "texture": "#1"},
				"south": {"uv": [2.02344, 1.5, 1.625, 1.76211], "rotation": 180, "texture": "#1"},
				"west": {"uv": [1.89063, 1.5, 1.625, 1.76211], "rotation": 180, "texture": "#1"},
				"up": {"uv": [1.625, 1.89844, 1.89063, 1.5], "rotation": 90, "texture": "#1"},
				"down": {"uv": [1.625, 1.89844, 1.89063, 1.5], "rotation": 270, "texture": "#1"}
			}
		},
		{
			"from": [7.20508, 3.2168, 6.84063],
			"to": [10.01563, 3.4043, 7.00469],
			"rotation": {"angle": -17.5, "axis": "z", "origin": [7.33008, 3.31055, 6.92266]},
			"faces": {
				"north": {"uv": [2.02344, 1.5, 1.625, 1.76211], "rotation": 90, "texture": "#1"},
				"east": {"uv": [1.625, 1.89844, 1.89063, 1.5], "rotation": 180, "texture": "#1"},
				"south": {"uv": [2.02344, 1.5, 1.625, 1.76211], "rotation": 270, "texture": "#1"},
				"west": {"uv": [1.625, 1.89844, 1.89063, 1.5], "texture": "#1"},
				"up": {"uv": [1.89063, 1.5, 1.625, 1.76211], "rotation": 270, "texture": "#1"},
				"down": {"uv": [1.89063, 1.5, 1.625, 1.76211], "rotation": 270, "texture": "#1"}
			}
		},
		{
			"from": [9.75547, 3.19722, 6.49298],
			"to": [9.91953, 3.38472, 9.05353],
			"rotation": {"angle": -17.5, "axis": "x", "origin": [9.8375, 4.11791, 9.2407]},
			"faces": {
				"north": {"uv": [1.89063, 1.89844, 1.625, 1.5], "texture": "#1"},
				"east": {"uv": [2.02344, 1.76211, 1.625, 1.5], "rotation": 270, "texture": "#1"},
				"south": {"uv": [1.89063, 1.89844, 1.625, 1.5], "rotation": 180, "texture": "#1"},
				"west": {"uv": [2.02344, 1.76211, 1.625, 1.5], "rotation": 90, "texture": "#1"},
				"up": {"uv": [1.89063, 1.76211, 1.625, 1.5], "rotation": 180, "texture": "#1"},
				"down": {"uv": [1.89063, 1.76211, 1.625, 1.5], "texture": "#1"}
			}
		},
		{
			"from": [6.25202, 6.88335, 6.91563],
			"to": [6.41608, 7.07085, 9.32618],
			"rotation": {"angle": 0, "axis": "y", "origin": [6.33405, 7.80404, 9.66335]},
			"faces": {
				"north": {"uv": [1.89063, 1.89844, 1.625, 1.5], "texture": "#1"},
				"east": {"uv": [2.02344, 1.76211, 1.625, 1.5], "rotation": 270, "texture": "#1"},
				"south": {"uv": [1.89063, 1.89844, 1.625, 1.5], "rotation": 180, "texture": "#1"},
				"west": {"uv": [2.02344, 1.76211, 1.625, 1.5], "rotation": 90, "texture": "#1"},
				"up": {"uv": [1.89063, 1.76211, 1.625, 1.5], "rotation": 180, "texture": "#1"},
				"down": {"uv": [1.89063, 1.76211, 1.625, 1.5], "texture": "#1"}
			}
		},
		{
			"from": [7.2273, 4.48777, 6.91563],
			"to": [7.4148, 7.17332, 7.07969],
			"rotation": {"angle": 15, "axis": "z", "origin": [7.30464, 3.32908, 6.96016]},
			"faces": {
				"north": {"uv": [2.02344, 1.5, 1.625, 1.76211], "rotation": 180, "texture": "#1"},
				"east": {"uv": [1.89063, 1.5, 1.625, 1.76211], "rotation": 180, "texture": "#1"},
				"south": {"uv": [2.02344, 1.5, 1.625, 1.76211], "rotation": 180, "texture": "#1"},
				"west": {"uv": [1.89063, 1.5, 1.625, 1.76211], "rotation": 180, "texture": "#1"},
				"up": {"uv": [1.625, 1.89844, 1.89063, 1.5], "rotation": 90, "texture": "#1"},
				"down": {"uv": [1.625, 1.89844, 1.89063, 1.5], "rotation": 270, "texture": "#1"}
			}
		},
		{
			"from": [9.0071, 3.33972, 6.56172],
			"to": [9.4121, 3.45598, 6.74922],
			"rotation": {"angle": -33.25, "axis": "z", "origin": [7.32188, 3.24023, 6.6086]},
			"faces": {
				"north": {"uv": [6.375, 0, 7.49609, 0.96875], "rotation": 90, "texture": "#1"},
				"east": {"uv": [6.375, 0, 7.49609, 0.86496], "rotation": 90, "texture": "#1"},
				"south": {"uv": [6.375, 0, 7.49609, 0.96875], "rotation": 90, "texture": "#1"},
				"west": {"uv": [6.375, 0, 7.49609, 0.86496], "rotation": 90, "texture": "#1"},
				"up": {"uv": [6.375, 0, 6.76985, 0.86496], "rotation": 90, "texture": "#1"},
				"down": {"uv": [6.375, 0, 6.76985, 0.86496], "rotation": 90, "texture": "#1"}
			}
		},
		{
			"from": [7.16772, 2.68159, 6.31797],
			"to": [7.28398, 3.28159, 6.56922],
			"rotation": {"angle": -33.25, "axis": "z", "origin": [7.32188, 3.24023, 6.6086]},
			"faces": {
				"north": {"uv": [4, 1, 5.12109, 1.96875], "rotation": 180, "texture": "#1"},
				"east": {"uv": [4, 1, 4.39485, 1.86496], "texture": "#1"},
				"south": {"uv": [4, 1, 5.12109, 1.96875], "texture": "#1"},
				"west": {"uv": [4, 1, 5.14485, 3.36496], "texture": "#1"},
				"up": {"uv": [4, 1, 5.12109, 1.86496], "texture": "#1"},
				"down": {"uv": [4, 1, 5.12109, 1.86496], "texture": "#1"}
			}
		},
		{
			"from": [7.22398, 0.08659, 6.67797],
			"to": [7.28398, 0.27785, 6.86922],
			"rotation": {"angle": -33.25, "axis": "z", "origin": [7.32188, 3.24023, 6.6086]},
			"faces": {
				"north": {"uv": [2.75, 1.125, 3.87109, 2.09375], "rotation": 180, "texture": "#1"},
				"east": {"uv": [2.75, 1.125, 3.14485, 1.98996], "texture": "#1"},
				"south": {"uv": [2.75, 1.125, 3.87109, 2.09375], "texture": "#1"},
				"west": {"uv": [2.75, 1.125, 3.89485, 3.48996], "texture": "#1"},
				"up": {"uv": [2.75, 1.125, 3.87109, 1.98996], "texture": "#1"},
				"down": {"uv": [2.75, 1.125, 3.87109, 1.98996], "texture": "#1"}
			}
		},
		{
			"from": [7.72272, 2.64785, 6.22797],
			"to": [9.64272, 3.36785, 6.94797],
			"rotation": {"angle": -33.25, "axis": "z", "origin": [7.32188, 3.24023, 6.6086]},
			"faces": {
				"north": {"uv": [8, 0, 12.625, 1], "texture": "#1"},
				"east": {"uv": [8, 0, 8.75, 0.75], "texture": "#1"},
				"south": {"uv": [8, 0, 12.5, 1], "texture": "#1"},
				"west": {"uv": [0, 0, 0.75, 0.75], "texture": "#1"},
				"up": {"uv": [8, 0, 13, 0.625], "texture": "#1"},
				"down": {"uv": [8, 6.75, 12.5, 7.5], "texture": "#1"}
			}
		},
		{
			"from": [7.72272, 0.00785, 6.22797],
			"to": [9.64272, 2.64785, 6.94797],
			"rotation": {"angle": -33.25, "axis": "z", "origin": [7.32188, 3.24023, 6.6086]},
			"faces": {
				"north": {"uv": [8, 1, 12.625, 7.5], "texture": "#1"},
				"east": {"uv": [8, 1, 8.75, 7.5], "texture": "#1"},
				"south": {"uv": [8, 0, 12.5, 2.5], "texture": "#1"},
				"west": {"uv": [0, 0, 0.75, 2.75], "texture": "#1"},
				"up": {"uv": [0, 0, 2, 0.75], "texture": "#1"},
				"down": {"uv": [8, 6.5, 12.5, 7.5], "texture": "#1"}
			}
		},
		{
			"from": [7.24272, 0.00785, 6.22797],
			"to": [7.72272, 3.36785, 6.94797],
			"rotation": {"angle": -33.25, "axis": "z", "origin": [7.32188, 3.24023, 6.6086]},
			"faces": {
				"north": {"uv": [4, 2.625, 7.5, 3.125], "rotation": 90, "texture": "#1"},
				"east": {"uv": [4, 2.625, 7.5, 3.375], "rotation": 90, "texture": "#1"},
				"south": {"uv": [4, 2.625, 7.5, 3.125], "rotation": 90, "texture": "#1"},
				"west": {"uv": [4, 2.625, 7.5, 3.375], "rotation": 90, "texture": "#1"},
				"up": {"uv": [4, 2.625, 4.75, 3.125], "rotation": 90, "texture": "#1"},
				"down": {"uv": [4, 2.625, 4.75, 3.125], "rotation": 90, "texture": "#1"}
			}
		},
		{
			"from": [10.37377, 10.54488, 7.82237],
			"to": [10.69957, 11.55195, 8.17763],
			"rotation": {"angle": 45, "axis": "z", "origin": [8, 11.12315, 8]},
			"faces": {
				"north": {"uv": [4, 0, 5, 1], "texture": "#1"},
				"east": {"uv": [4, 0, 5, 1], "texture": "#1"},
				"south": {"uv": [4, 0, 5, 1], "texture": "#1"},
				"west": {"uv": [4, 0, 5, 1], "texture": "#1"},
				"up": {"uv": [4, 0, 5, 1], "texture": "#1"},
				"down": {"uv": [4, 0, 5, 1], "texture": "#1"}
			}
		},
		{
			"from": [5.34, 7.985, 6.86],
			"to": [5.91, 10.265, 9.14],
			"rotation": {"angle": 0, "axis": "y", "origin": [8, 11.12315, 8]},
			"faces": {
				"north": {"uv": [4, 0, 5, 1], "texture": "#1"},
				"east": {"uv": [4, 0, 5, 1], "texture": "#1"},
				"south": {"uv": [4, 0, 5, 1], "texture": "#1"},
				"west": {"uv": [4, 0, 5, 1], "texture": "#1"},
				"up": {"uv": [4, 0, 5, 1], "texture": "#1"},
				"down": {"uv": [4, 0, 5, 1], "texture": "#1"}
			}
		},
		{
			"from": [9.71, 7.795, 6.67],
			"to": [10.28, 10.455, 9.33],
			"rotation": {"angle": 0, "axis": "y", "origin": [8, 11.12315, 8]},
			"faces": {
				"north": {"uv": [0, 0, 0.5, 4], "texture": "#1"},
				"east": {"uv": [0, 0, 4, 4], "texture": "#1"},
				"south": {"uv": [0, 0, 0.5, 4], "texture": "#1"},
				"west": {"uv": [0, 0, 4, 4], "texture": "#1"},
				"up": {"uv": [0, 0, 0.5, 4], "texture": "#1"},
				"down": {"uv": [0, 0, 0.5, 4], "texture": "#1"}
			}
		},
		{
			"from": [5.15, 8.365, 7.24],
			"to": [5.53, 9.885, 8.76],
			"rotation": {"angle": 0, "axis": "y", "origin": [8, 11.12315, 8]},
			"faces": {
				"north": {"uv": [4, 0, 5, 1], "texture": "#1"},
				"east": {"uv": [4, 0, 5, 1], "texture": "#1"},
				"south": {"uv": [4, 0, 5, 1], "texture": "#1"},
				"west": {"uv": [4, 0, 5, 1], "texture": "#1"},
				"up": {"uv": [4, 0, 5, 1], "texture": "#1"},
				"down": {"uv": [4, 0, 5, 1], "texture": "#1"}
			}
		},
		{
			"from": [10.09, 7.985, 6.86],
			"to": [10.66, 10.265, 9.14],
			"rotation": {"angle": 0, "axis": "y", "origin": [8, 11.12315, 8]},
			"faces": {
				"north": {"uv": [4, 0, 5, 1], "texture": "#1"},
				"east": {"uv": [4, 0, 5, 1], "texture": "#1"},
				"south": {"uv": [4, 0, 5, 1], "texture": "#1"},
				"west": {"uv": [4, 0, 5, 1], "texture": "#1"},
				"up": {"uv": [4, 0, 5, 1], "texture": "#1"},
				"down": {"uv": [4, 0, 5, 1], "texture": "#1"}
			}
		},
		{
			"from": [10.47, 8.365, 7.24],
			"to": [10.85, 9.885, 8.76],
			"rotation": {"angle": 0, "axis": "y", "origin": [8, 11.12315, 8]},
			"faces": {
				"north": {"uv": [4, 0, 5, 1], "texture": "#1"},
				"east": {"uv": [4, 0, 5, 1], "texture": "#1"},
				"south": {"uv": [4, 0, 5, 1], "texture": "#1"},
				"west": {"uv": [4, 0, 5, 1], "texture": "#1"},
				"up": {"uv": [4, 0, 5, 1], "texture": "#1"},
				"down": {"uv": [4, 0, 5, 1], "texture": "#1"}
			}
		},
		{
			"from": [5.3115, 9.81825, 7.8719],
			"to": [5.6753, 11.82424, 8.1281],
			"rotation": {"angle": 0, "axis": "y", "origin": [8, 11.12315, 8]},
			"faces": {
				"north": {"uv": [4, 1, 7.5, 3.5], "rotation": 90, "texture": "#1"},
				"east": {"uv": [4, 1, 7.5, 3.5], "rotation": 90, "texture": "#1"},
				"south": {"uv": [4, 1, 7.5, 3.5], "rotation": 90, "texture": "#1"},
				"west": {"uv": [4, 1, 7.5, 3.5], "rotation": 90, "texture": "#1"},
				"up": {"uv": [4, 1, 7.5, 3.5], "rotation": 90, "texture": "#1"},
				"down": {"uv": [4, 1, 7.5, 3.5], "rotation": 90, "texture": "#1"}
			}
		},
		{
			"from": [7.9115, 3.36825, 6.3969],
			"to": [8.0503, 3.82424, 6.5357],
			"rotation": {"angle": 0, "axis": "y", "origin": [10.55, 3.12315, 6.525]},
			"faces": {
				"north": {"uv": [4, 1, 7.5, 3.5], "rotation": 90, "texture": "#1"},
				"east": {"uv": [4, 1, 7.5, 3.5], "rotation": 90, "texture": "#1"},
				"south": {"uv": [4, 1, 7.5, 3.5], "rotation": 90, "texture": "#1"},
				"west": {"uv": [4, 1, 7.5, 3.5], "rotation": 90, "texture": "#1"},
				"up": {"uv": [4, 1, 7.5, 3.5], "rotation": 90, "texture": "#1"},
				"down": {"uv": [4, 1, 7.5, 3.5], "rotation": 90, "texture": "#1"}
			}
		},
		{
			"from": [5.31878, 10.71412, 7.90008],
			"to": [5.60254, 11.65101, 8.09992],
			"rotation": {"angle": -22.5, "axis": "z", "origin": [8, 11.12315, 8]},
			"faces": {
				"north": {"uv": [4, 0, 5, 1], "texture": "#1"},
				"east": {"uv": [4, 0, 5, 1], "texture": "#1"},
				"south": {"uv": [4, 0, 5, 1], "texture": "#1"},
				"west": {"uv": [4, 0, 5, 1], "texture": "#1"},
				"up": {"uv": [4, 0, 5, 1], "texture": "#1"},
				"down": {"uv": [4, 0, 5, 1], "texture": "#1"}
			}
		},
		{
			"from": [5.30043, 10.57997, 7.82237],
			"to": [5.62623, 11.55195, 8.17763],
			"rotation": {"angle": -45, "axis": "z", "origin": [8, 11.12315, 8]},
			"faces": {
				"north": {"uv": [4, 0, 5, 1], "texture": "#1"},
				"east": {"uv": [4, 0, 5, 1], "texture": "#1"},
				"south": {"uv": [4, 0, 5, 1], "texture": "#1"},
				"west": {"uv": [4, 0, 5, 1], "texture": "#1"},
				"up": {"uv": [4, 0, 5, 1], "texture": "#1"},
				"down": {"uv": [4, 0, 5, 1], "texture": "#1"}
			}
		},
		{
			"from": [10.39746, 10.71412, 7.90008],
			"to": [10.68122, 11.65101, 8.09992],
			"rotation": {"angle": 22.5, "axis": "z", "origin": [8, 11.12315, 8]},
			"faces": {
				"north": {"uv": [4, 0, 5, 1], "texture": "#1"},
				"east": {"uv": [4, 0, 5, 1], "texture": "#1"},
				"south": {"uv": [4, 0, 5, 1], "texture": "#1"},
				"west": {"uv": [4, 0, 5, 1], "texture": "#1"},
				"up": {"uv": [4, 0, 5, 1], "texture": "#1"},
				"down": {"uv": [4, 0, 5, 1], "texture": "#1"}
			}
		},
		{
			"from": [6.40789, 12.87958, 7.81127],
			"to": [9.58303, 13.36302, 8.18873],
			"rotation": {"angle": 0, "axis": "y", "origin": [8, 11.12315, 8]},
			"faces": {
				"north": {"uv": [4, 0, 5, 1], "texture": "#1"},
				"east": {"uv": [4, 0, 5, 1], "texture": "#1"},
				"south": {"uv": [4, 0, 5, 1], "texture": "#1"},
				"west": {"uv": [4, 0, 5, 1], "texture": "#1"},
				"up": {"uv": [4, 0, 5, 1], "texture": "#1"},
				"down": {"uv": [4, 0, 5, 1], "texture": "#1"}
			}
		},
		{
			"from": [10.3247, 9.81825, 7.8719],
			"to": [10.6885, 11.82424, 8.1281],
			"rotation": {"angle": 0, "axis": "y", "origin": [8, 11.12315, 8]},
			"faces": {
				"north": {"uv": [4, 1, 7.5, 3.5], "rotation": 90, "texture": "#1"},
				"east": {"uv": [4, 1, 7.5, 3.5], "rotation": 90, "texture": "#1"},
				"south": {"uv": [4, 1, 7.5, 3.5], "rotation": 90, "texture": "#1"},
				"west": {"uv": [4, 1, 7.5, 3.5], "rotation": 90, "texture": "#1"},
				"up": {"uv": [4, 1, 7.5, 3.5], "rotation": 90, "texture": "#1"},
				"down": {"uv": [4, 1, 7.5, 3.5], "rotation": 90, "texture": "#1"}
			}
		},
		{
			"from": [5.72, 7.795, 6.67],
			"to": [6.29, 10.455, 9.33],
			"rotation": {"angle": 0, "axis": "y", "origin": [8, 11.12315, 8]},
			"faces": {
				"north": {"uv": [0.5, 0, 0, 4], "texture": "#1"},
				"east": {"uv": [4, 0, 0, 4], "texture": "#1"},
				"south": {"uv": [0.5, 0, 0, 4], "texture": "#1"},
				"west": {"uv": [4, 0, 0, 4], "texture": "#1"},
				"up": {"uv": [0.5, 0, 0, 4], "texture": "#1"},
				"down": {"uv": [0.5, 0, 0, 4], "texture": "#1"}
			}
		},
		{
			"from": [9.86719, 7.25, 7.80078],
			"to": [10.13281, 8, 8.19922],
			"rotation": {"angle": 0, "axis": "y", "origin": [9.81641, 6, 7]},
			"faces": {
				"north": {"uv": [0.125, 0.125, 0.39063, 0.875], "texture": "#1"},
				"east": {"uv": [0.125, 0.125, 0.52344, 0.875], "texture": "#1"},
				"south": {"uv": [0.125, 0.125, 0.39063, 0.875], "texture": "#1"},
				"west": {"uv": [0.125, 0.125, 0.52344, 0.875], "texture": "#1"},
				"up": {"uv": [0.125, 0.125, 0.39063, 0.52344], "texture": "#1"},
				"down": {"uv": [0.125, 0.125, 0.39063, 0.52344], "texture": "#1"}
			}
		},
		{
			"from": [5.86719, 7.25, 7.80078],
			"to": [6.13281, 8, 8.19922],
			"rotation": {"angle": 0, "axis": "y", "origin": [6.18359, 6, 7]},
			"faces": {
				"north": {"uv": [0.39063, 0.125, 0.125, 0.875], "texture": "#1"},
				"east": {"uv": [0.52344, 0.125, 0.125, 0.875], "texture": "#1"},
				"south": {"uv": [0.39063, 0.125, 0.125, 0.875], "texture": "#1"},
				"west": {"uv": [0.52344, 0.125, 0.125, 0.875], "texture": "#1"},
				"up": {"uv": [0.39063, 0.125, 0.125, 0.52344], "texture": "#1"},
				"down": {"uv": [0.39063, 0.125, 0.125, 0.52344], "texture": "#1"}
			}
		},
		{
			"from": [9.92969, 6.63477, 6.45508],
			"to": [10.07031, 6.83789, 8.20508],
			"rotation": {"angle": -22.5, "axis": "x", "origin": [8, 6.73633, 6.47266]},
			"faces": {
				"north": {"uv": [1.625, 1.5, 1.89063, 1.89844], "rotation": 180, "texture": "#1"},
				"east": {"uv": [1.625, 1.5, 2.02344, 2.25], "rotation": 270, "texture": "#1"},
				"south": {"uv": [1.625, 1.5, 1.89063, 1.89844], "texture": "#1"},
				"west": {"uv": [1.625, 1.5, 2.02344, 2.25], "rotation": 90, "texture": "#1"},
				"up": {"uv": [1.625, 1.5, 1.89063, 2.25], "rotation": 180, "texture": "#1"},
				"down": {"uv": [1.625, 1.5, 1.89063, 2.25], "texture": "#1"}
			}
		},
		{
			"from": [5.92969, 6.63477, 6.45508],
			"to": [6.07031, 6.83789, 8.20508],
			"rotation": {"angle": -22.5, "axis": "x", "origin": [8, 6.73633, 6.47266]},
			"faces": {
				"north": {"uv": [1.89063, 1.5, 1.625, 1.89844], "rotation": 180, "texture": "#1"},
				"east": {"uv": [2.02344, 1.5, 1.625, 2.25], "rotation": 270, "texture": "#1"},
				"south": {"uv": [1.89063, 1.5, 1.625, 1.89844], "texture": "#1"},
				"west": {"uv": [2.02344, 1.5, 1.625, 2.25], "rotation": 90, "texture": "#1"},
				"up": {"uv": [1.89063, 1.5, 1.625, 2.25], "rotation": 180, "texture": "#1"},
				"down": {"uv": [1.89063, 1.5, 1.625, 2.25], "texture": "#1"}
			}
		},
		{
			"from": [8.29492, 6.32617, 6.41016],
			"to": [10.04492, 6.51367, 6.53516],
			"rotation": {"angle": 22.5, "axis": "z", "origin": [9.16992, 6.41992, 6.47266]},
			"faces": {
				"north": {"uv": [1.625, 1.5, 2.02344, 2.25], "rotation": 90, "texture": "#1"},
				"east": {"uv": [1.625, 1.5, 1.89063, 1.89844], "rotation": 180, "texture": "#1"},
				"south": {"uv": [1.625, 1.5, 2.02344, 2.25], "rotation": 270, "texture": "#1"},
				"west": {"uv": [1.625, 1.5, 1.89063, 1.89844], "texture": "#1"},
				"up": {"uv": [1.625, 1.5, 1.89063, 2.25], "rotation": 270, "texture": "#1"},
				"down": {"uv": [1.625, 1.5, 1.89063, 2.25], "rotation": 270, "texture": "#1"}
			}
		},
		{
			"from": [5.95508, 6.32617, 6.41016],
			"to": [7.70508, 6.51367, 6.53516],
			"rotation": {"angle": -22.5, "axis": "z", "origin": [6.83008, 6.41992, 6.47266]},
			"faces": {
				"north": {"uv": [1.625, 2.25, 2.02344, 1.5], "rotation": 90, "texture": "#1"},
				"east": {"uv": [1.89063, 1.5, 1.625, 1.89844], "texture": "#1"},
				"south": {"uv": [1.625, 2.25, 2.02344, 1.5], "rotation": 270, "texture": "#1"},
				"west": {"uv": [1.89063, 1.5, 1.625, 1.89844], "rotation": 180, "texture": "#1"},
				"up": {"uv": [1.625, 2.25, 1.89063, 1.5], "rotation": 270, "texture": "#1"},
				"down": {"uv": [1.625, 2.25, 1.89063, 1.5], "rotation": 270, "texture": "#1"}
			}
		},
		{
			"from": [8.32617, 4.43555, 6.39063],
			"to": [8.51367, 6.18555, 6.55469],
			"rotation": {"angle": 0, "axis": "y", "origin": [8.41992, 5.31055, 6.47266]},
			"faces": {
				"north": {"uv": [1.625, 1.5, 2.02344, 2.25], "rotation": 180, "texture": "#1"},
				"east": {"uv": [1.625, 1.5, 1.89063, 2.25], "rotation": 180, "texture": "#1"},
				"south": {"uv": [1.625, 1.5, 2.02344, 2.25], "rotation": 180, "texture": "#1"},
				"west": {"uv": [1.625, 1.5, 1.89063, 2.25], "rotation": 180, "texture": "#1"},
				"up": {"uv": [1.625, 1.5, 1.89063, 1.89844], "rotation": 90, "texture": "#1"},
				"down": {"uv": [1.625, 1.5, 1.89063, 1.89844], "rotation": 270, "texture": "#1"}
			}
		},
		{
			"from": [7.48633, 4.43555, 6.39063],
			"to": [7.67383, 6.18555, 6.55469],
			"rotation": {"angle": 0, "axis": "y", "origin": [7.58008, 5.31055, 6.47266]},
			"faces": {
				"north": {"uv": [2.02344, 1.5, 1.625, 2.25], "rotation": 180, "texture": "#1"},
				"east": {"uv": [1.89063, 1.5, 1.625, 2.25], "rotation": 180, "texture": "#1"},
				"south": {"uv": [2.02344, 1.5, 1.625, 2.25], "rotation": 180, "texture": "#1"},
				"west": {"uv": [1.89063, 1.5, 1.625, 2.25], "rotation": 180, "texture": "#1"},
				"up": {"uv": [1.625, 1.89844, 1.89063, 1.5], "rotation": 90, "texture": "#1"},
				"down": {"uv": [1.625, 1.89844, 1.89063, 1.5], "rotation": 270, "texture": "#1"}
			}
		},
		{
			"from": [8.04102, 4.07617, 6.41016],
			"to": [8.54102, 4.26367, 6.53516],
			"rotation": {"angle": 22.5, "axis": "z", "origin": [7.66602, 4.16992, 6.47266]},
			"faces": {
				"north": {"uv": [1.625, 1.5, 2.02344, 2.25], "rotation": 90, "texture": "#1"},
				"east": {"uv": [1.625, 1.5, 1.89063, 1.89844], "rotation": 180, "texture": "#1"},
				"south": {"uv": [1.625, 1.5, 2.02344, 2.25], "rotation": 270, "texture": "#1"},
				"west": {"uv": [1.625, 1.5, 1.89063, 1.89844], "texture": "#1"},
				"up": {"uv": [1.625, 1.5, 1.89063, 2.25], "rotation": 270, "texture": "#1"},
				"down": {"uv": [1.625, 1.5, 1.89063, 2.25], "rotation": 270, "texture": "#1"}
			}
		},
		{
			"from": [7.45898, 4.07617, 6.41016],
			"to": [7.95898, 4.26367, 6.53516],
			"rotation": {"angle": -22.5, "axis": "z", "origin": [8.33398, 4.16992, 6.47266]},
			"faces": {
				"north": {"uv": [1.625, 2.25, 2.02344, 1.5], "rotation": 90, "texture": "#1"},
				"east": {"uv": [1.89063, 1.5, 1.625, 1.89844], "texture": "#1"},
				"south": {"uv": [1.625, 2.25, 2.02344, 1.5], "rotation": 270, "texture": "#1"},
				"west": {"uv": [1.89063, 1.5, 1.625, 1.89844], "rotation": 180, "texture": "#1"},
				"up": {"uv": [1.625, 2.25, 1.89063, 1.5], "rotation": 270, "texture": "#1"},
				"down": {"uv": [1.625, 2.25, 1.89063, 1.5], "rotation": 270, "texture": "#1"}
			}
		},
		{
			"from": [7.87305, 3.81445, 6.375],
			"to": [8.0918, 4.43555, 6.57031],
			"rotation": {"angle": 0, "axis": "y", "origin": [7.78907, 2.68018, 6.42383]},
			"faces": {
				"north": {"uv": [1.75, 0, 2.71875, 1.12109], "rotation": 180, "texture": "#1"},
				"east": {"uv": [1.75, 0, 2.61496, 1.12109], "rotation": 180, "texture": "#1"},
				"south": {"uv": [1.75, 0, 2.71875, 1.12109], "rotation": 180, "texture": "#1"},
				"west": {"uv": [1.75, 0, 2.61496, 1.12109], "rotation": 180, "texture": "#1"},
				"up": {"uv": [1.75, 0, 2.61496, 0.39485], "rotation": 90, "texture": "#1"},
				"down": {"uv": [1.75, 0, 2.61496, 0.39485], "rotation": 270, "texture": "#1"}
			}
		}
	],
	"gui_light": "front",
	"display": {
		"firstperson_righthand": {
			"rotation": [0, -180, 63],
			"translation": [8, 6.75, 0],
			"scale": [1.07813, 1.07813, 1.07813]
		},
		"firstperson_lefthand": {
			"rotation": [0, -180, 63],
			"translation": [8, 6.75, 0],
			"scale": [1.07813, 1.07813, 1.07813]
		},
		"ground": {
			"translation": [0, 2.75, 0]
		},
		"gui": {
			"rotation": [0, 163, 31],
			"translation": [0, -0.5, 0],
			"scale": [1.17773, 1.08789, 1.5]
		},
		"head": {
			"translation": [0, -3.75, -0.25],
			"scale": [3.77344, 2.89063, 3.13281]
		},
		"fixed": {
			"translation": [0, 1.5, 0],
			"scale": [2.28125, 2.28125, 2.28125]
		},
		"on_shelf": {
			"translation": [0, 2, 0],
			"scale": [2.6875, 2.6875, 2.6875]
		}
	},
	"groups": [
		{
			"name": "group",
			"origin": [7.791, 7.24322, 8],
			"color": 0,
			"children": [
				0,
				1,
				2,
				3,
				4,
				5,
				{
					"name": "walkman",
					"origin": [7.94688, 2.41622, 6.6086],
					"color": 0,
					"children": [6, 7, 8, 9, 10, 11]
				},
				{
					"name": "headphone",
					"origin": [8, 11.12315, 8],
					"color": 0,
					"children": [12, 13, 14, 15, 16, 17, 18, 19, 20, 21, 22, 23, 24, 25, 26, 27, 28, 29, 30, 31, 32, 33, 34, 35, 36]
				}
			]
		}
	]
}