{
	"format_version": "1.21.6",
	"credit": "Made with Blockbench",
	"parent": "minecraft:item/generated",
	"textures": {
		"layer0": "man10/written_sheet_music"
	},
	"display": {
		"thirdperson_righthand": {
			"translation": [0.5, 0.25, 1.25],
			"scale": [0.5, 0.5, 0.5]
		},
		"thirdperson_lefthand": {
			"translation": [-0.5, 0.25, 1.25],
			"scale": [0.5, 0.5, 0.5]
		},
		"ground": {
			"scale": [0.5, 0.5, 0.5]
		},
		"head": {
			"rotation": [0, 180, 0],
			"translation": [1.25, 14.5, 0]
		},
		"fixed": {
			"rotation": [0, 180, 0]
		}
	}
}